sl.no,market,text
1,Spain,Codex es una inteligencia artificial que ayuda a generar código de manera rápida y eficiente.
2,France,Codex est un assistant de programmation capable d’expliquer et d’optimiser votre code.
3,Germany,"Codex ist ein KI-Modell, das Quellcode versteht und in Sekundenschnelle neue Funktionen vorschlägt."
4,Italy,Codex è un assistente di coding che può tradurre istruzioni in linguaggio naturale in codice Python.
5,Brazil,Codex é uma IA que autocompleta seus scripts e sugere testes automatizados.
6,Japan,Codex は自然言語からコードを生成し、デバッグをサポートする AI です。
7,China,Codex 可以根据自然语言描述生成代码，并帮助开发者快速调试。
8,Russia,"Codex — это ИИ-ассистент, который генерирует и рефакторит код на разных языках программирования."
9,India,Codex एक एआई सहायक है जो कोड लिखने और त्रुटियाँ सुधारने में तुरंत मदद करता है।
10,Egypt,كوديكس هو مساعد برمجي يعمل بالذكاء الاصطناعي لتوليد الكود واكتشاف الأخطاء بسرعة.
